Generated by, Peach Villados
Opening balance for 15 May 2026,"PHP 0.00"
Closing balance for 15 May 2026,"PHP 567,880.00"

"Transaction ID","Transaction Type","Date & Time","Debit Account Name","Debit Account Number","Credit Account Name","Credit Account Number","Transaction Amount","Service Fee Amount","Total Amount","Status"
"txn_a7060076d31d44b5a21201659f941e36","Loan Payment","2026/05/15 16:21:40","Jane Santos","=""7711379076953640""","Jane Santos","=""7711301886062208""","560.85","0.00","560.85","Success"
"txn_f5dfbe9c18e84d579c2f85de43fc84ab","Loan Payment","2026/05/15 16:21:22","N/A","N/A","Jane Santos","=""7711301886062208""","564.87","0.00","564.87","Success"
"txn_51d03044171b479c827654611f988da1","Loan Disbursement","2026/05/15 16:20:47","Jane Santos","=""7711301886062208""","Jane Santos","=""7711379076953640""","5,000.00","0.00","5,000.00","Success"
"txn_988a3cae8fc945a8bcbf3fa5f808847e","Cash Withdrawal","2026/05/15 16:08:52","John Co","=""7711311576346033""","N/A","N/A","-10.00","0.00","-10.00","Success"
"txn_88e87f4e56f54c86be1ce298cbe8dc74","Cash Withdrawal","2026/05/15 16:08:36","John Co","=""7711311576346033""","N/A","N/A","-10.00","0.00","-10.00","Success"
"txn_a5e91b1a5f78464bba14bbff203712d0","Cash Withdrawal","2026/05/15 16:08:23","John Co","=""7711311576346033""","N/A","N/A","-10.00","0.00","-10.00","Success"
"txn_6fd678ae03244405b67a923e6e126b1a","Cash Deposit","2026/05/15 16:04:33","N/A","N/A","John Co","=""7711352223874734""","1,000.00","0.00","1,000.00","Success"
"txn_cf4cf574f9eb40d89c8ba6397d0c6d63","Cash Deposit","2026/05/15 16:04:17","N/A","N/A","John Co","=""7711352223874734""","1,000.00","0.00","1,000.00","Success"
"txn_109145dd38ca4c678776ad9763c19998","Cash Deposit","2026/05/15 16:04:03","N/A","N/A","John Co","=""7711352223874734""","1,000.00","0.00","1,000.00","Success"
"txn_fedd4258a9e24212a69d7a9f8999d15f","Cash Withdrawal","2026/05/15 16:02:58","John Co","=""7711311576346033""","N/A","N/A","-460,000.00","0.00","-460,000.00","Success"
"txn_6374b9fdd01d48a8a5e10308855a6930","Cash Withdrawal","2026/05/15 15:59:12","John Co","=""7711311576346033""","N/A","N/A","-10.00","0.00","-10.00","Success"
"txn_5ca4f274b36c4b128095eee2fb81be63","Cash Withdrawal","2026/05/15 15:58:56","John Co","=""7711311576346033""","N/A","N/A","-10.00","0.00","-10.00","Success"
"txn_bf2574b55c7e4753b31b779b4ff51c33","Cash Withdrawal","2026/05/15 15:58:43","John Co","=""7711311576346033""","N/A","N/A","-10.00","0.00","-10.00","Success"
"txn_a95c6ed83e984d26911b9900953a61e1","Cash Deposit","2026/05/15 15:56:57","N/A","N/A","John Co","=""7711311576346033""","1,000,000.00","0.00","1,000,000.00","Success"
"txn_f607e78697094428836c5fcffba00c43","Cash Withdrawal","2026/05/15 15:53:30","Jane Santos","=""7711379076953640""","N/A","N/A","-10.00","0.00","-10.00","Success"
"txn_47c0344a79c44bc88aef26d09f2ee5db","Cash Withdrawal","2026/05/15 15:53:15","Jane Santos","=""7711379076953640""","N/A","N/A","-10.00","0.00","-10.00","Success"
"txn_760ae3c4bf3a408cb1984da6473d55ff","Cash Withdrawal","2026/05/15 15:53:01","Jane Santos","=""7711379076953640""","N/A","N/A","-10.00","0.00","-10.00","Success"
"txn_c7f6a5517454497492f609bc6d74cb79","Cash Withdrawal","2026/05/15 15:43:27","Jane Santos","=""7711379076953640""","N/A","N/A","-10.00","0.00","-10.00","Success"
"txn_68829845971d4f10934348325c1a48c8","Cash Withdrawal","2026/05/15 15:43:11","Jane Santos","=""7711379076953640""","N/A","N/A","-10.00","0.00","-10.00","Success"
"txn_a06213b9281c4a1eaf6d58f832ff0bff","Cash Withdrawal","2026/05/15 15:42:58","Jane Santos","=""7711379076953640""","N/A","N/A","-10.00","0.00","-10.00","Success"
"txn_beef2f138ed447b0b214addccb50eeb3","Loan Payment","2026/05/15 15:39:59","John Ocho","=""7711309464050033""","John Ocho","=""7711349100084326""","843.41","0.00","843.41","Success"
"txn_c818ca8e9a894a399f1f172992b7f7f3","Loan Payment","2026/05/15 15:39:45","John Ocho","=""7711309464050033""","John Ocho","=""7711349100084326""","844.11","0.00","844.11","Success"
"txn_0604380f918848369fbbf8a617f5a161","Loan Payment","2026/05/15 15:39:33","John Ocho","=""7711309464050033""","John Ocho","=""7711349100084326""","844.80","0.00","844.80","Success"
"txn_24fb1b0d9c154981b477257fab9f2e90","Loan Payment","2026/05/15 15:39:15","John Ocho","=""7711309464050033""","John Ocho","=""7711349100084326""","845.49","0.00","845.49","Success"
"txn_172f8b0c8fc840c899e509451f605def","Loan Payment","2026/05/15 15:37:06","John Ocho","=""7711309464050033""","John Ocho","=""7711349100084326""","846.18","0.00","846.18","Success"
"txn_b4b2a877b5b943bfbe84c6a905949554","Loan Disbursement","2026/05/15 15:27:29","John Ocho","=""7711349100084326""","N/A","N/A","10,000.00","0.00","10,000.00","Success"
"txn_889d7d45b8fe4cffbe578edb05311b07","Internal Transfer","2026/05/15 15:18:38","Jane Ochea","=""7711392368278484""","John Ocho","=""7711309464050033""","100.00","0.00","100.00","Success"
"txn_57a478a3197c409b90319b2639a8b620","Loan Payment","2026/05/15 15:16:02","Jane Santos","=""7711379076953640""","Jane Santos","=""7711357624243172""","1,026.12","0.00","1,026.12","Success"
"txn_60982802ee774c66a58514867bbae100","Loan Payment","2026/05/15 15:15:48","Jane Santos","=""7711379076953640""","Jane Santos","=""7711357624243172""","1,028.19","0.00","1,028.19","Success"
"txn_661b77fe7ec04e34a7d985a942e8c19b","Loan Payment","2026/05/15 15:15:36","Jane Santos","=""7711379076953640""","Jane Santos","=""7711357624243172""","1,030.26","0.00","1,030.26","Success"
"txn_70423b8deda54d13a341344db6059833","Loan Payment","2026/05/15 15:14:47","Jane Santos","=""7711379076953640""","Jane Santos","=""7711357624243172""","1,032.32","0.00","1,032.32","Success"
"txn_fb6cf08d8a2d4db0b47b7f70219ba831","Cash Deposit","2026/05/15 15:11:15","N/A","N/A","John Ocho","=""7711309464050033""","5,000.00","0.00","5,000.00","Success"
"txn_d6249dc7658a4c66ad6ec746f3bbb9f3","Loan Disbursement","2026/05/15 15:09:50","Jane Santos","=""7711357624243172""","Jane Santos","=""7711379076953640""","10,000.00","0.00","10,000.00","Success"
"txn_f09ba15407dc4921acb381adb3854afa","Internal Transfer","2026/05/15 15:05:03","Jane Ochea","=""7711392368278484""","Jane Santos","=""7711379076953640""","50.00","0.00","50.00","Success"
"txn_7d32c6ce6af447fda9e0ee356650a989","Internal Transfer","2026/05/15 15:04:32","Jane Ochea","=""7711392368278484""","Jane Santos","=""7711379076953640""","100.00","0.00","100.00","Success"
"txn_a74ddcdf6c214248b9930cd8d5f28bec","Loan Disbursement","2026/05/15 14:55:10","Jane Santos","=""7711345263286336""","N/A","N/A","5,000.00","0.00","5,000.00","Success"
"txn_fdec4b4cff1b4b23b4f19ac9d971ebcf","Internal Transfer","2026/05/15 14:52:22","Jane Santos","=""7711379076953640""","John Co","=""7711359908498698""","30.00","0.00","30.00","Success"
"txn_48cc055c03424037b7282f2e8514b88a","Internal Transfer","2026/05/15 14:50:58","John Co","=""7711359908498698""","Jane Santos","=""7711379076953640""","100.00","0.00","100.00","Success"
"txn_e7dedc11c26144588840bf549aa482c9","Internal Transfer","2026/05/15 14:45:54","Jane Santos","=""7711379076953640""","John Co","=""7711359908498698""","500.00","0.00","500.00","Success"
"txn_4cbc43038fc24a629f24e6f6f4263135","Cash Deposit","2026/05/15 14:42:24","N/A","N/A","Jane Ochea","=""7711392368278484""","5,000.00","0.00","5,000.00","Success"
"txn_9f0e710f713a4b688999134f4de9c4b6","Cash Deposit","2026/05/15 14:40:49","N/A","N/A","John Co","=""7711359908498698""","5,000.00","0.00","5,000.00","Success"
"txn_e8cc34c9f6c649de8881406bae41163b","Cash Deposit","2026/05/15 14:32:57","N/A","N/A","Jane Santos","=""7711379076953640""","5,000.00","0.00","5,000.00","Success"
"txn_8acea648fd554562beb0b62b99734382","Cash Deposit","2026/05/15 12:32:22","N/A","N/A","Shia Nadela","=""7711331257724594""","5,000.00","0.00","5,000.00","Success"